caption,image_file
the moon landing,image (1).jpg
the moon landing,image (2).jpg
the moon landing,image (3).jpg
the moon landing,image (4).jpg
the moon landing,image (5).jpg
the moon landing,image (6).jpg
the moon landing,image (7).jpg
the moon landing,image (8).jpg
the moon landing,image (9).jpg
the moon landing,image (10).jpg
the moon landing,image (11).jpg
the moon landing,image (12).jpg
the moon landing,image (13).jpg
the moon landing,image (14).jpg
the moon landing,image (15).jpg
the moon landing,image (16).jpg
the moon landing,image (17).jpg
the moon landing,image (18).jpg
the moon landing,image (19).jpg
the moon landing,image (20).jpg
the moon landing,image (21).jpg
the moon landing,image (22).jpg
the moon landing,image (23).jpg
the moon landing,image (24).jpg
the moon landing,image (25).jpg
the moon landing,image (26).jpg
the moon landing,image (27).jpg
the moon landing,image (28).jpg
the moon landing,image (29).jpg
the moon landing,image (30).jpg
the moon landing,image (31).jpg
the moon landing,image (32).jpg
the moon landing,image (33).jpg
the moon landing,image (34).jpg
the moon landing,image (35).jpg
the moon landing,image (36).jpg
the moon landing,image (37).jpg
the moon landing,image (38).jpg
the moon landing,image (39).jpg
the moon landing,image (40).jpg
the moon landing,image (41).jpg
the moon landing,image (42).jpg
the moon landing,image (43).jpg
the moon landing,image (44).jpg
the moon landing,image (45).jpg
the moon landing,image (46).jpg
the moon landing,image (47).jpg
the moon landing,image (48).jpg
the moon landing,image (49).jpg
the moon landing,image (50).jpg
the moon landing,image (51).jpg
the moon landing,image (52).jpg
the moon landing,image (53).jpg
the moon landing,image (54).jpg
the moon landing,image (55).jpg
the moon landing,image (56).jpg
the moon landing,image (57).jpg
the moon landing,image (58).jpg
the moon landing,image (59).jpg
the moon landing,image (60).jpg
the moon landing,image (61).jpg
the moon landing,image (62).jpg
the moon landing,image (63).jpg
the moon landing,image (64).jpg
the moon landing,image (65).jpg
the moon landing,image (66).jpg
the moon landing,image (67).jpg
the moon landing,image (68).jpg
the moon landing,image (69).jpg
the moon landing,image (70).jpg
the moon landing,image (71).jpg
the moon landing,image (72).jpg
the moon landing,image (73).jpg
the moon landing,image (74).jpg
the moon landing,image (75).jpg
the moon landing,image (76).jpg
the moon landing,image (77).jpg
the moon landing,image (78).jpg
the moon landing,image (79).jpg
the moon landing,image (80).jpg
the moon landing,image (81).jpg
the moon landing,image (82).jpg
the moon landing,image (83).jpg
the moon landing,image (84).jpg
the moon landing,image (85).jpg
the moon landing,image (86).jpg
the moon landing,image (87).jpg
the moon landing,image (88).jpg
the moon landing,image (89).jpg
the moon landing,image (90).jpg
the moon landing,image (91).jpg
the moon landing,image (92).jpg
the moon landing,image (93).jpg
the moon landing,image (94).jpg
the moon landing,image (95).jpg
the moon landing,image (96).jpg
the moon landing,image (97).jpg
the moon landing,image (98).jpg
the moon landing,image (99).jpg
the moon landing,image (100).jpg
the moon landing,image (101).jpg
the moon landing,image (102).jpg
